{
	"info": {
		"_postman_id": "515c78e9-9e9c-4ad6-a9cf-7ccd2dc12103",
		"name": "Aapi",
		"schema": "https://schema.getpostman.com/json/collection/v2.1.0/collection.json"
	},
	"item": [
		{
			"name": "User",
			"item": [
				{
					"name": "Admin Registration",
					"request": {
						"method": "POST",
						"header": [],
						"body": {
							"mode": "graphql",
							"graphql": {
								"query": "\r\nmutation{\r\n  register(\r\n    first_name:\"Humble Ride\",\r\n    middle_name:\"\",\r\n    last_name:\"Admin\",\r\n    mobile:\"1234567890\",\r\n    password:\"123456789\",\r\n    country_code:\"+91\",\r\n    email:\"a@gmail.com\"\r\n  ){\r\n    id\r\n    token\r\n  }\r\n}\r\n",
								"variables": ""
							}
						},
						"url": {
							"raw": "{{HOST_URL}}",
							"host": [
								"{{HOST_URL}}"
							]
						}
					},
					"response": []
				},
				{
					"name": "Admin Login",
					"request": {
						"method": "POST",
						"header": [],
						"body": {
							"mode": "graphql",
							"graphql": {
								"query": "\r\nmutation{\r\n  login(\r\n    email:\"a@gmail.com\",\r\n    password:\"12345678\",\r\n   \r\n  ){\r\n    id\r\n    token\r\n  }\r\n}\r\n",
								"variables": ""
							}
						},
						"url": {
							"raw": "{{HOST_URL}}",
							"host": [
								"{{HOST_URL}}"
							]
						}
					},
					"response": []
				},
				{
					"name": "Change User Status",
					"request": {
						"auth": {
							"type": "bearer",
							"bearer": [
								{
									"key": "token",
									"value": "{{ACCESS_TOKEN}}",
									"type": "string"
								}
							]
						},
						"method": "POST",
						"header": [],
						"body": {
							"mode": "graphql",
							"graphql": {
								"query": "\r\nmutation{\r\n  changeuserstatus(\r\n    user_id:\"36\",\r\n    status:\"2\"\r\n  ){\r\n    id\r\n    first_name\r\n  }\r\n}\r\n",
								"variables": ""
							}
						},
						"url": {
							"raw": "{{HOST_URL}}",
							"host": [
								"{{HOST_URL}}"
							]
						}
					},
					"response": []
				},
				{
					"name": "Get User",
					"request": {
						"auth": {
							"type": "bearer",
							"bearer": [
								{
									"key": "token",
									"value": "{{ACCESS_TOKEN}}",
									"type": "string"
								}
							]
						},
						"method": "POST",
						"header": [],
						"body": {
							"mode": "graphql",
							"graphql": {
								"query": "query{\r\n  user(\r\n    user_id:1\r\n    \r\n  ){\r\n    first_name\r\n  }\r\n}\r\n",
								"variables": ""
							}
						},
						"url": {
							"raw": "{{HOST_URL}}",
							"host": [
								"{{HOST_URL}}"
							]
						}
					},
					"response": []
				},
				{
					"name": "Change driver activation status -1 for active ,2 for inactive",
					"request": {
						"auth": {
							"type": "bearer",
							"bearer": [
								{
									"key": "token",
									"value": "{{ACCESS_TOKEN}}",
									"type": "string"
								}
							]
						},
						"method": "POST",
						"header": [],
						"body": {
							"mode": "graphql",
							"graphql": {
								"query": "mutation{\r\n  changeactivationationstatus(driver_id:4,status:\"1\",remark:\"ok\"){\r\n    id\r\n    driver_id_verified\r\n  }\r\n}",
								"variables": ""
							}
						},
						"url": {
							"raw": "{{HOST_URL}}",
							"host": [
								"{{HOST_URL}}"
							]
						}
					},
					"response": []
				},
				{
					"name": "User list ",
					"request": {
						"auth": {
							"type": "bearer",
							"bearer": [
								{
									"key": "token",
									"value": "{{ACCESS_TOKEN}}",
									"type": "string"
								}
							]
						},
						"method": "POST",
						"header": [],
						"body": {
							"mode": "graphql",
							"graphql": {
								"query": "query{\r\n  userlist(\r\n    condition:{\r\n        status: \"1\"\r\n    },\r\n    order:{\r\n        by:\"id\"\r\n        direction:\"DESC\"\r\n    }\r\n  ){\r\n    list\r\n  }\r\n}\r\n",
								"variables": ""
							}
						},
						"url": {
							"raw": "{{HOST_URL}}",
							"host": [
								"{{HOST_URL}}"
							]
						}
					},
					"response": []
				}
			]
		},
		{
			"name": "Common",
			"item": [
				{
					"name": "Common Update",
					"request": {
						"auth": {
							"type": "bearer",
							"bearer": [
								{
									"key": "token",
									"value": "{{ACCESS_TOKEN}}",
									"type": "string"
								}
							]
						},
						"method": "POST",
						"header": [],
						"body": {
							"mode": "graphql",
							"graphql": {
								"query": "\r\nmutation{\r\n  update(\r\n    table:\"users\",\r\n    condition:{\r\n        id: 1\r\n    },\r\n    update:{ \r\n      driver_id_verified: 1, \r\n    },\r\n  ){\r\n    statusCode\r\n    message\r\n  }\r\n}\r\n",
								"variables": ""
							}
						},
						"url": {
							"raw": "{{HOST_URL}}",
							"host": [
								"{{HOST_URL}}"
							]
						}
					},
					"response": []
				},
				{
					"name": "Common Insert",
					"request": {
						"auth": {
							"type": "bearer",
							"bearer": [
								{
									"key": "token",
									"value": "{{ACCESS_TOKEN}}",
									"type": "string"
								}
							]
						},
						"method": "POST",
						"header": [],
						"body": {
							"mode": "graphql",
							"graphql": {
								"query": "\r\nmutation{\r\n  insert(\r\n    table:\"users\",\r\n    fields:{ \r\n      first_name: \"sharma\", \r\n      last_name: \"Ashish\" \r\n    },\r\n  ){\r\n    statusCode\r\n    message\r\n  }\r\n}\r\n",
								"variables": ""
							}
						},
						"url": {
							"raw": "{{HOST_URL}}",
							"host": [
								"{{HOST_URL}}"
							]
						}
					},
					"response": []
				},
				{
					"name": "Get Count",
					"request": {
						"auth": {
							"type": "bearer",
							"bearer": [
								{
									"key": "token",
									"value": "{{ACCESS_TOKEN}}",
									"type": "string"
								}
							]
						},
						"method": "POST",
						"header": [],
						"body": {
							"mode": "graphql",
							"graphql": {
								"query": "\r\nmutation{\r\n  getcount(\r\n    table:\"users\",\r\n    condition:{ \r\n      last_name: \"sharma\" \r\n    },\r\n  ){\r\n    totalcount\r\n  }\r\n}\r\n",
								"variables": ""
							}
						},
						"url": {
							"raw": "{{HOST_URL}}",
							"host": [
								"{{HOST_URL}}"
							]
						}
					},
					"response": []
				},
				{
					"name": "Get List",
					"request": {
						"auth": {
							"type": "bearer",
							"bearer": [
								{
									"key": "token",
									"value": "{{ACCESS_TOKEN}}",
									"type": "string"
								}
							]
						},
						"method": "POST",
						"header": [],
						"body": {
							"mode": "graphql",
							"graphql": {
								"query": "query{\r\n  getlist(\r\n    table:\"trips\",\r\n    condition:{\r\n        status: \"1\"\r\n    },\r\n    order:{\r\n        by:\"id\"\r\n        direction:\"DESC\"\r\n    }\r\n  ){\r\n    list\r\n  }\r\n}\r\n",
								"variables": ""
							}
						},
						"url": {
							"raw": "{{HOST_URL}}",
							"host": [
								"{{HOST_URL}}"
							]
						}
					},
					"response": []
				},
				{
					"name": "Get Single data with conditions",
					"request": {
						"auth": {
							"type": "bearer",
							"bearer": [
								{
									"key": "token",
									"value": "{{ACCESS_TOKEN}}",
									"type": "string"
								}
							]
						},
						"method": "POST",
						"header": [],
						"body": {
							"mode": "graphql",
							"graphql": {
								"query": "query{\r\n  getsinglerecord(\r\n    table:\"users\",\r\n    condition:{\r\n        id: 1,\r\n    }\r\n  ){\r\n    list\r\n  }\r\n}\r\n",
								"variables": ""
							}
						},
						"url": {
							"raw": "{{HOST_URL}}",
							"host": [
								"{{HOST_URL}}"
							]
						}
					},
					"response": []
				}
			]
		},
		{
			"name": "Trip",
			"item": [
				{
					"name": "Get Trip Details",
					"request": {
						"auth": {
							"type": "bearer",
							"bearer": [
								{
									"key": "token",
									"value": "{{ACCESS_TOKEN}}",
									"type": "string"
								}
							]
						},
						"method": "POST",
						"header": [],
						"body": {
							"mode": "graphql",
							"graphql": {
								"query": "query{\r\n  gettripdetail(\r\n    trip_id:1\r\n    \r\n  ){\r\n    list\r\n  }\r\n}\r\n",
								"variables": ""
							}
						},
						"url": {
							"raw": "{{HOST_URL}}",
							"host": [
								"{{HOST_URL}}"
							]
						}
					},
					"response": []
				}
			]
		},
		{
			"name": "Dashboard",
			"request": {
				"auth": {
					"type": "bearer",
					"bearer": [
						{
							"key": "token",
							"value": "{{ACCESS_TOKEN}}",
							"type": "string"
						}
					]
				},
				"method": "POST",
				"header": [],
				"body": {
					"mode": "graphql",
					"graphql": {
						"query": "query{\r\n  dashboard(user_id:1){\r\n    list\r\n    statusCode\r\n    message\r\n  }\r\n}",
						"variables": ""
					}
				},
				"url": {
					"raw": "{{HOST_URL}}",
					"host": [
						"{{HOST_URL}}"
					]
				}
			},
			"response": []
		}
	]
}